cluster_id,total_queries,num_weeks,median_weekly_queries,weekly_cv,dow_cv,hour_cv,latency_entropy
0,6471671,14,482253.0,0.21002942126935448,0.03910219535103232,0.784360694877921,0.45599929396005145
1,1251824,14,103550.0,0.2820647911478039,0.03608638967298843,0.772157367071619,0.4230498775390541
2,11685586,14,910034.0,0.22552982148648165,0.0058708082993123595,0.14498152863122862,0.009433886960393963
3,4694638,14,370431.5,0.2764681987877699,0.06025336537585316,0.07034892424250802,0.5482006127071156
4,13868325,9,1617707.0,0.21275881761259374,0.03922156381663728,0.03904312578478533,0.47678138102182044
5,5749,14,401.5,0.2860808870100599,0.028710929073335306,1.4640596126631544,0.4638997714544304
6,12952859,14,998533.5,0.19890338877612704,0.027462557691426536,0.1095285906063335,0.08252310584402765
7,1831676,14,138696.0,0.24863519698168238,0.4075697299272596,1.6023286056971178,0.2360415946566754
8,1945548,14,139052.5,0.3507874225205944,0.160914268285541,0.8468304859227948,0.38865477478522736
9,961406,14,65976.5,0.49905466305447654,0.28782267674741424,0.3910178982865079,0.26722944589787495
10,95158,14,7419.0,0.22386849224885344,0.16590540841577273,1.902619437424221,0.5671973330003274
11,3403751,14,253838.5,0.24244076160247854,0.015837355882460255,0.04839403037053791,0.7372628605180706
12,5049109,14,390918.0,0.21562755234591732,0.1870843582378151,0.2582531115654554,0.4751298178793264
13,2670284,14,204514.0,0.18847791289881913,0.06146152524625646,0.12332839535819096,0.7276460256897125
14,1969269,14,151915.0,0.23414040711457862,0.04063387315842502,0.9458135317103543,0.24138221859485537
15,2489369,14,144418.0,0.47237806122848147,0.04260514868917708,0.41611203064825897,0.34154375448373697
16,2807979,14,209001.5,0.23970073878849954,0.16162805818420511,0.12377144603449484,0.7485134003508279
17,4713,12,399.0,0.2101351313750585,0.01971233233205284,0.6845357873244468,0.3320297272863326
18,17056,3,5028.0,0.7204070230347521,1.283509145634439,2.4857259004552854,0.3064380120791252
19,22141,4,4847.5,0.9232169955846405,0.5919789961699355,0.2961009873345157,0.11667967621669555
20,4167,1,4167.0,,,,-0.0
21,47,1,47.0,,,,0.367860763392741
22,26,1,26.0,,,,-0.0
23,2702,1,2702.0,,,0.8782569791495387,0.6072428003297556
24,1894,1,1894.0,,,,-0.0
25,24312,14,1752.5,0.21875281168557703,0.5524788610181656,0.5995060748757001,0.38872015850532665
26,7563928,14,551613.0,0.42534832915803983,0.06557316593372314,0.27396948700490503,0.013396304400315112
27,424176,10,49420.0,0.42969869123102294,0.04343516966622812,0.1600125401453629,0.6201896837067655
28,527205,14,40552.0,0.2403684330383895,0.0785295044915495,1.4001490837910207,0.6676201631330693
29,7418316,14,564900.0,0.201420771808989,0.030116629833366236,0.1402846169446321,0.6752784992408507
30,6241,1,6241.0,,,1.0676668462877723,0.5236123479726374
31,9048312,14,696361.5,0.19791177895916368,0.03516450480924667,0.03235324677783593,0.18603369779088097
32,807921,14,56084.0,0.25666615492132705,0.1168349020104289,0.16947380172089538,0.8333488087100662
33,4337443,14,325965.0,0.3776858094969205,0.1741775416924561,1.47700556950518,0.420568850279715
34,7154843,14,379293.0,0.5523955512705019,0.15384882181108953,0.4435588435975008,0.18274689404118855
35,47,1,47.0,,,,0.3753564365831707
36,106,1,106.0,,,,-0.0
37,199819,1,199819.0,,1.60671518513902,0.7389866495461695,0.08787839181223761
38,3950,1,3950.0,,,,-0.0
39,120571,1,120571.0,,1.1292864646292353,0.2952399469067264,0.05098662704256118
40,560,1,560.0,,,,-0.0
41,1017,1,1017.0,,,,-0.0
42,512,1,512.0,,,,-0.0
43,2224,1,2224.0,,,0.8787963773379575,0.5860087750133706
44,7,1,7.0,,,,0.43156028428331555
45,4144,1,4144.0,,0.28802998229799526,0.34756332948261415,0.05162650892961847
46,96,1,96.0,,,,0.7400884378255622
47,8,1,8.0,,,,-0.0
48,1211495,14,92989.0,0.22751077281722126,0.02480932694727791,0.58292268962276,0.5348140933723663
49,9845897,14,729112.0,0.2387613414370218,0.1808634060321088,0.26701252740083065,0.38821415695660877
50,1246260,14,82149.0,0.2863985385479065,0.22300617034037487,0.1627911946833305,0.7184903363585734
51,13524597,14,1002461.5,0.23893833819486973,0.19164810329823895,0.8611604274839224,0.6821645697624704
52,2063769,14,150594.0,0.20813489562707058,0.10454006558818764,0.08421349211405649,0.7673731937119189
53,2441315,14,186684.0,0.21624221681653508,0.24058146718718243,0.24131660906753444,0.2898756015581393
54,1904917,14,137702.0,0.23515410201636736,0.20607890959168407,0.6530577002304601,0.5725782537540823
55,8307122,14,679489.0,0.3237891713021009,0.04985229184712544,0.08140329674227764,0.19000798408976594
56,2863151,14,215807.0,0.26337225328091196,0.10020491193430296,0.34692052728717293,0.033281780940640424
57,188644,14,10059.5,0.5914636299142986,0.03715288808752311,1.1994593247171756,0.7836799279517773
58,12662,14,930.0,0.2460040774432969,0.019795588106702174,1.6286830173000653,0.5756805028303047
59,50625,11,4862.0,0.23736367864448712,0.2435721325846131,1.0181847911167472,0.2870458464905125
60,100434,14,7852.0,0.23598037056238133,0.007969719521016794,0.0054802002584596115,0.013070846476268003
61,1607390,14,116818.5,0.2324867423898786,0.18418196558155583,0.30434815635392304,0.54992376754462
62,25110,10,24.0,1.6654745052986466,0.7246071233329625,2.175106202654857,0.5957492323518919
63,1023544,14,76700.5,0.33797625570241785,0.1711766932572342,0.2673143033825244,0.5136549511294859
64,625056,11,40098.0,0.615894742504466,0.36985485801816076,0.6165302135666988,0.1258462720320073
65,2343,14,160.5,0.4977535146362182,0.3167066465425312,2.379094017100645,0.7035254376590945
66,264888,14,20568.5,0.2272272679618365,0.021843974861218238,1.9432917331112982,0.535351423909819
67,68,1,68.0,,,,0.43324447740851846
68,503,1,503.0,,,,-0.0
69,3447,1,3447.0,,,,-0.0
70,240,1,240.0,,,,-0.0
71,1414,1,1414.0,,,,-0.0
72,11,1,11.0,,,,-0.0
73,196095,14,13697.5,0.22404565183984373,0.13014028324203744,1.0199710504241786,0.6931604706421219
74,99925,14,7771.5,0.22594230387231246,0.0007718602756151789,0.009652778313702842,0.36036397407382087
75,1352293,14,104337.5,0.22244179287276963,0.3469666582917792,0.5707512170361033,0.04444915144982226
76,1410738,14,86409.0,0.3902915056245224,0.11464493429899662,0.45430172816791226,0.6445179450821923
77,7713053,14,554279.0,0.21197099218747475,0.0727391756583117,0.46990934592655575,0.2632507145213226
78,445,14,35.0,0.2588962707252942,0.0,,0.2729627586180548
79,21243331,14,1282188.0,0.5396856395250463,0.2905526647919528,0.4120528788121575,0.25128848921989
80,1210352,14,87012.0,0.3378003566264205,0.6145971036193366,1.3562084575769409,0.715514226574315
81,202,12,11.0,1.0128616526883671,0.4152223966508048,1.0618490690365783,0.1313989760152035
82,90,11,6.0,0.4944132324730442,0.0,0.5196152422706632,0.5850166922070227
83,2678,2,1339.0,1.4078765337142163,,1.0100743512597146,0.4011919615543056
84,194,4,24.5,1.114991864849876,1.0052961576641013,1.0190162367519773,0.6498375862281787
85,3581,1,3581.0,,,0.14761409023505706,-0.0
86,12,1,12.0,,,,-0.0
87,30,1,30.0,,,1.0356604620205372,0.4609169645769554
88,1070,1,1070.0,,,,-0.0
89,47,1,47.0,,,,0.4254568730169094
90,5490,1,5490.0,,,0.2539917254098127,-0.0
91,828,1,828.0,,,,-0.0
92,54,1,54.0,,,1.2570787221094177,0.34285732114631
93,335,1,335.0,,,,-0.0
94,9,1,9.0,,,,0.25162916738782287
95,1491,1,1491.0,,,,-0.0
96,58700516,14,4268861.0,0.2492144094929033,0.27174242897650164,1.7804070349561185,0.0051551841064685295
97,2164281,14,163779.5,0.2043804666759007,0.0747686041991863,0.16198725627719895,0.740096997510296
98,6830592,14,353481.0,0.8978127251404828,0.3146237345538536,0.2532854642178212,0.3750294369117319
99,2529138,14,194835.0,0.2256790952185274,0.013994742121408192,0.018736968530315687,0.0258899119195855
100,20673518,14,763002.0,1.0085072660607017,0.08185708602342343,0.008842627177563383,0.25075778409964256
101,132311,14,9438.0,0.18378211345224657,0.09050980787036932,0.2564723461718083,0.9222957766236599
102,79585,14,4802.5,0.37414455928427287,0.1259145965358946,0.5328341210310761,0.8555133624544949
103,7708373,14,592400.5,0.20475095949529754,0.5686098634165381,0.38625308569613864,0.7250832194305855
104,100080,14,5588.0,0.4836492169760802,0.04821660649676609,0.7497226941538662,0.734958385672238
105,133316,14,9229.0,0.43930226728215654,0.37066130577091155,0.7309601165832724,0.5923061943372158
106,399271,14,30315.5,0.21822088371101164,0.09101900501140689,0.34828754402208967,0.2522266590279045
107,12157596,14,1012837.5,0.3148186699141433,0.15998597143477045,0.13670817004399297,0.3484772884838774
108,1863,14,163.0,0.569068056020434,0.21732113695418387,1.328384599972088,0.7709481792212103
109,37224155,14,2810680.5,0.23618782535065844,0.10569544373869333,0.11797312878590636,0.5444068624347719
110,692523,14,45096.0,0.42186682252850677,0.1401462405060048,0.6272011840388869,0.7401529314364549
111,3000692,14,220201.0,0.29191761833406604,0.16865197489558192,0.2828918443491497,0.7587679362386284
112,3405883,14,247714.5,0.23238798439115305,0.24238643762397258,0.31054915246609105,0.21698310939948182
113,179141,14,14052.5,0.2520651454256518,0.08089918068996425,2.301922014948387,0.12366971523199852
114,775888,14,41763.5,0.6997544041371297,0.22743336774389172,0.7174059630404158,0.25680814070816965
115,1858007,14,139723.5,0.2448981457033224,0.15825263409449838,0.32485982835926097,0.2992336133016118
116,450,1,450.0,,,,-0.0
117,17802,13,498.0,1.3424945922303113,0.9167654521208862,1.1501002157834033,0.32005333696194077
118,2081,4,75.5,1.7504037021262024,0.9718904823558453,1.0183964288152503,0.21795095726410757
119,591,1,591.0,,,,0.5269433056419865
120,1550,1,1550.0,,,,-0.0
121,836,1,836.0,,,0.21391091837700302,-0.0
122,82,3,9.0,1.356292756613365,1.356292756613365,1.267530258642163,0.18766280942180164
123,7,1,7.0,,,,0.6893917467430878
124,11,1,11.0,,,,0.3420192178195208
125,6,2,3.0,0.9428090415820635,0.5,0.6666666666666666,0.4591479170272447
126,3200,1,3200.0,,,0.42122285453405567,0.04711998965883281
127,21038,1,21038.0,,,1.1710048605637093,-0.0
128,308,1,308.0,,,,0.4448222158446218
129,370,1,370.0,,,,-0.0
130,6,1,6.0,,,,-0.0
131,116,1,116.0,,,1.3410645850089695,-0.0
132,17940670,14,1071158.5,0.6562897458715395,0.3464381290810279,0.3881020642109666,0.027691796837251138
133,6005301,14,337263.0,0.5123020019376038,0.14248020339200038,1.1672656908014172,0.42925254755388176
134,739248,14,62106.0,0.2697400933234638,0.051947946029160225,0.431446944042525,0.46598082170360844
135,149387,14,10480.5,0.23015660425027126,0.3541333546884845,0.8759345018426129,0.6448247001250578
136,117467,14,8887.5,0.2654349586898632,0.033812557988811553,2.3664952153448158,0.31855530361508805
137,465312,14,35374.0,0.22705744729274657,0.03890966531205066,0.455753914346922,0.7185198520249597
138,52008,14,4126.5,0.3021369226710317,0.060102147521494655,0.8463467369001942,0.6040817181193867
139,301516,14,23298.5,0.23928220570866313,0.19076813575821733,0.4568076459626232,0.011840144795573148
140,190,13,9.0,1.3597091101650853,0.46805742166263975,0.9523965009943005,0.7350826705633795
141,8,1,8.0,,,,-0.0
142,3007,1,3007.0,,,1.1218774319723985,0.5370549690900503
143,1784950,14,111728.0,0.454268725261162,0.040724255116846624,0.3678037427087777,0.29397969315070716
144,257519,10,27133.0,0.20638198116826367,0.042620112576500536,0.06453510973069275,0.3556865483561626
145,7,1,7.0,,,,-0.0
146,6141,1,6141.0,,,1.1280399344767544,0.500750212709907
147,3984,1,3984.0,,,0.9142496627991129,0.5854313797075715
148,38,1,38.0,,,0.7443229275647869,0.4566414820825494
149,656,1,656.0,,,,0.09841615363633054
150,876,1,876.0,,,,-0.0
151,1,1,1.0,,,,-0.0
152,7380,1,7380.0,,,1.092999630472778,0.4652739975831439
153,1,1,1.0,,,,-0.0
154,3,1,3.0,,,,-0.0
155,383074,14,28885.0,0.2450124291840874,0.10752919390496206,1.9483811211590416,0.4498747846910072
156,7095403,14,597030.0,0.3315323108343892,0.05529191237628688,0.13535088643667184,0.7479689136822281
157,231542,14,17067.0,0.24565054931763813,0.44639213420974233,0.7002265428855857,0.7356215248950836
158,10224302,14,403008.5,1.0665174897545577,0.45252888072113184,0.12411353301592791,0.11543980305688643
159,36980,14,2029.5,0.6767122582694822,0.686328601613169,0.9734621982139927,0.6538567255299138
160,935079,14,68265.0,0.2629516864312559,0.07646458321495285,0.6211157108252947,0.5578803024416484
161,664957,14,51738.5,0.24178727416281445,0.0355389555241116,2.1039323052948964,0.25372064380762205
162,2119805,14,27415.0,1.500428008888374,0.34899879057890143,0.2938576381334616,0.0876372311549611
163,2556999,14,168874.0,0.6037449094915703,0.649405039940176,0.7955664184193308,0.14491172165054444
164,2873,7,357.0,0.317409401724542,0.03738878462623129,0.5669442635082333,0.45762482967009177
165,1172,3,352.0,0.21728046474262125,0.6894350045287857,0.6439396674992898,0.5430645375122977
166,1081,1,1081.0,,,,-0.0
167,47,1,47.0,,,,0.2754922216508573
168,2346,1,2346.0,,,1.28904251856216,0.35315192253993555
169,32,1,32.0,,,0.6208193510729725,0.38848671780348254
170,655,1,655.0,,,,-0.0
171,45,1,45.0,,,,-0.0
172,2238,1,2238.0,,,0.6349731990110813,0.5458938543424439
173,1199,1,1199.0,,,,-0.0
174,1956,1,1956.0,,,0.04193475798447827,-0.0
175,80,1,80.0,,,0.2568843773633058,0.9886647142694636
176,856296,14,66129.0,0.7263508155470736,0.47688978641481183,3.7048530400363817,0.06297741691878757
177,522386,14,40738.5,0.22479454789729567,0.01770075677262439,0.3892120079053954,0.12483686661252519
178,5765805,14,438880.0,0.20849682503311112,0.02915011730796697,0.743631325308393,0.36660175421184354
179,578304,14,33414.5,0.44790167511467893,0.240000879376787,0.2552765129477442,0.7767006723703974
180,6111822,14,435596.5,0.2335945806109086,0.13472442109705587,0.229107843999893,0.3372022963992464
181,6184993,14,485476.0,0.30207669748720456,0.08823951273856334,0.3794664992437209,0.15267395536950393
182,325150,14,23842.0,0.28002211234672847,0.3300808790510359,1.4431186088320347,0.607394750390572
183,743868,14,55233.0,0.19931868688110735,0.11638095343964075,0.37225296008620434,0.7347530999771231
184,760180,14,46007.5,0.3921218096131453,0.21284706293519468,0.04590913578083975,0.6825255463954613
185,5612854,14,430717.0,0.22435303509723628,0.07037856440178834,0.2853170242240978,0.2865285973947917
186,1710594,14,131770.5,0.321628515282928,0.14241633682703078,0.5426346893591979,0.23667757647335286
187,582186,14,45298.5,0.24917676891450363,0.22881807169687637,1.523563673753793,0.25312430566070965
188,33,4,6.0,0.6288639360110456,0.6288639360110456,0.854416495749799,0.6506931496398046
189,345,6,54.0,0.9345297939219425,0.7030145417523052,0.821315862076811,0.9721550114413189
190,3277,1,3277.0,,,1.0342126727828087,0.6623433997865649
191,9,1,9.0,,,,0.38210225325431013
192,98,1,98.0,,,0.20203050891044216,0.26817982556253117
193,1,1,1.0,,,,-0.0
194,68,1,68.0,,,0.675350735482649,0.42833427535852336
195,6544,1,6544.0,,,1.0322228314318012,0.3934373366945475
196,1412,1,1412.0,,,,-0.0
197,7,1,7.0,,,,-0.0
198,15,1,15.0,,,1.0370899457402696,0.28325475327645266
199,38896,1,38896.0,,,1.1896613472040227,-0.0
