dataset,feature_idx,min,p01,mean,std,p99,max
train,0,3.0,3.0,9.159852,6.8142176,38.0,40.0
train,1,12.239469,12.244894,24.676315,1.8796927,27.271223,27.271223
train,2,0.0,0.0,7.091398,5.9596934,36.0,37.0
train,3,0.0,0.0,16.30832,5.1471944,23.888021,24.102041
train,4,0.0,0.0,3.3146143,3.3842552,24.0,24.0
train,5,0.0,0.0,19.777973,6.2222457,26.592144,27.40507
train,6,0.0,0.0,2.6619265,3.9726028,24.0,24.0
train,7,0.0,0.0,10.731654,9.405523,27.389801,27.389801
train,8,0.0,0.0,2.1883974,2.6215305,18.0,18.0
train,9,0.0,0.0,13.81349,6.9568377,24.33471,24.77637
train,10,0.0,0.0,1.9158056,1.885289,8.0,9.0
train,11,0.0,0.0,16.084618,9.382135,27.14979,32.975163
train,12,0.0,0.0,1.4986238,1.9081075,13.0,13.0
train,13,0.0,0.0,13.26944,9.134273,41.48423,41.48423
train,14,0.0,0.0,1.1674739,1.1696875,4.0,10.0
train,15,0.0,0.0,13.0202675,9.111994,41.48423,41.48423
train,16,0.0,0.0,0.825274,0.3801399,1.0,1.0
train,17,0.0,0.0,12.326901,9.025226,41.48423,41.48423
train,18,0.0,0.0,0.75661445,0.5425269,1.0,4.0
train,19,0.0,0.0,6.269524,4.0482726,10.883692,10.883692
train,20,0.0,0.0,0.6125698,1.6303922,12.0,12.0
train,21,0.0,0.0,5.2580056,9.206167,41.484646,41.484646
train,22,0.0,0.0,0.56030023,3.1804256,24.0,24.0
train,23,0.0,0.0,0.09831572,0.49777332,3.1780543,3.1780543
train,24,0.0,0.0,0.5685046,1.9161222,8.0,15.0
train,25,0.0,0.0,0.58898115,1.4030708,5.1059456,5.170484
train,26,0.0,0.0,0.25678062,0.6958532,3.0,4.0
train,27,0.0,0.0,3.4867444,8.418069,34.147312,34.34107
train,28,0.0,0.0,0.37604794,1.0380158,6.0,6.0
train,29,0.0,0.0,3.0760489,7.008771,24.179092,24.179092
train,30,0.0,0.0,17.264631,11.586885,26.668282,26.668282
train,31,0.0,0.0,9.680371,11.89719,26.04918,26.04918
train,32,0.0,0.0,1.197757,5.114467,23.94438,23.94438
train,33,0.0,0.0,8.543933,11.343135,25.364576,25.364576
train,34,0.0,0.0,3.8003016,8.418425,23.26266,23.637354
train,35,0.0,0.0,3.1614983,7.7192664,22.944185,23.572794
train,36,0.0,0.0,2.4245071,6.7083426,21.951185,22.117495
train,37,0.0,0.0,6.232193,9.197784,22.624777,22.624777
train,38,0.0,0.0,4.799424,7.729218,20.707136,20.707136
train,39,0.0,0.0,2.001587,5.285867,18.457237,18.457237
train,40,0.0,0.0,7.009382,7.43737,17.686712,17.986816
train,41,0.0,0.0,0.4693464,2.2549913,12.536167,12.536167
train,42,0.0,0.0,7.097154,3.4291754,14.782405,14.782405
train,43,0.0,0.0,0.33058846,2.086994,13.487006,13.487006
train,44,0.0,0.0,1.2111782,3.1785877,12.347572,12.347572
train,45,0.0,0.0,0.18039326,1.280494,9.392662,10.085809
train,46,0.0,0.0,0.55512244,2.1637104,9.786055,9.786055
train,47,0.0,0.0,3.1331904,4.3460073,10.917087,11.474101
train,48,0.0,0.0,0.070351556,0.58670664,2.0794427,7.2189097
train,49,0.0,0.0,0.33590835,1.3967751,7.167038,7.167038
train,50,0.14835215,0.4255077,13.0816,14.74798,73.654205,95.26535
train,51,3.0,3.0,9.159852,6.814216,38.0,40.0
train,52,12.239469,12.244894,24.675482,1.8796431,27.271223,27.271223
train,53,0.0,0.0,7.091398,5.959656,36.0,37.0
train,54,0.0,0.0,16.308033,5.147543,23.888021,24.102041
train,55,0.0,0.0,3.3146143,3.384383,24.0,24.0
train,56,0.0,0.0,19.778107,6.222455,26.592144,27.40507
train,57,0.0,0.0,2.6619265,3.9724748,24.0,24.0
train,58,0.0,0.0,10.731534,9.405506,27.389801,27.389801
train,59,0.0,0.0,2.1883974,2.6213264,18.0,18.0
train,60,0.0,0.0,13.81349,6.9567237,24.33471,24.77637
train,61,0.0,0.0,1.9158056,1.885294,8.0,9.0
train,62,0.0,0.0,16.08444,9.382108,27.14979,32.975163
train,63,0.0,0.0,1.4986238,1.9080998,13.0,13.0
train,64,0.0,0.0,13.268239,9.13457,41.48423,41.48423
train,65,0.0,0.0,1.1674739,1.1697022,4.0,10.0
train,66,0.0,0.0,13.019173,9.108715,41.48423,41.48423
train,67,0.0,0.0,0.825274,0.38013893,1.0,1.0
train,68,0.0,0.0,12.325248,9.02549,41.48423,41.48423
train,69,0.0,0.0,0.75661445,0.5425249,1.0,4.0
train,70,0.0,0.0,6.269776,4.0482216,10.883692,10.883692
train,71,0.0,0.0,0.6125698,1.6304008,12.0,12.0
train,72,0.0,0.0,5.2578716,9.206248,41.484646,41.484646
train,73,0.0,0.0,0.56030023,3.181059,24.0,24.0
train,74,0.0,0.0,0.098316215,0.49777177,3.1780543,3.1780543
train,75,0.0,0.0,0.5685046,1.916116,8.0,15.0
train,76,0.0,0.0,0.5889807,1.4030734,5.1059456,5.170484
train,77,0.0,0.0,0.25678062,0.6958883,3.0,4.0
train,78,0.0,0.0,3.4867785,8.418001,34.147312,34.34107
train,79,0.0,0.0,0.37604794,1.0381289,6.0,6.0
train,80,0.0,0.0,3.0760427,7.00832,24.179092,24.179092
train,81,0.0,0.0,17.263987,11.586852,26.668282,26.668282
train,82,0.0,0.0,9.680404,11.89728,26.04918,26.04918
train,83,0.0,0.0,1.1977566,5.114336,23.94438,23.94438
train,84,0.0,0.0,8.544134,11.369243,25.364576,25.364576
train,85,0.0,0.0,3.800286,8.4184,23.26266,23.637354
train,86,0.0,0.0,3.161409,7.719279,22.944185,23.572794
train,87,0.0,0.0,2.4245157,6.708353,21.951185,22.117495
train,88,0.0,0.0,6.232286,9.197845,22.624777,22.624777
train,89,0.0,0.0,4.799397,7.7293277,20.707136,20.707136
train,90,0.0,0.0,2.0015717,5.2858367,18.457237,18.457237
train,91,0.0,0.0,7.0091424,7.4375377,17.686712,17.986816
train,92,0.0,0.0,0.46933874,2.2550209,12.536167,12.536167
train,93,0.0,0.0,7.096904,3.4292688,14.782405,14.782405
train,94,0.0,0.0,0.33058846,2.086955,13.487006,13.487006
train,95,0.0,0.0,1.2111799,3.1785808,12.347572,12.347572
train,96,0.0,0.0,0.18039268,1.2804826,9.392662,10.085809
train,97,0.0,0.0,0.5551221,2.1638315,9.786055,9.786055
train,98,0.0,0.0,3.133201,4.3460145,10.917087,11.474101
train,99,0.0,0.0,0.070351735,0.5866068,2.0794427,7.2189097
train,100,0.0,0.0,0.3359075,1.3967707,7.167038,7.167038
train,101,0.14835215,0.4255077,13.082054,14.747935,73.654205,95.26535
train,102,0.0,0.0,582.25244,568.30835,2503.7886,3611.2788
train,103,0.0,0.0,0.48812667,0.49973437,1.0,1.0
train,104,4.0,4.0,5.7072654,3.8377185,32.0,32.0
train,105,2.0,2.0,2.3474839,0.6023262,5.0,5.0
train,106,0.03125,0.03125,0.21049175,0.06346918,0.25,0.25
train,107,1.7020308,1.8116673,70.030235,89.981766,399.13495,1524.2456
train,108,1.7020308,1.8116673,70.02985,89.981544,399.13495,1524.2456
train,109,0.009272009,0.18916127,5.6298575,5.0409355,23.840754,45.569065
run_1780875805584,0,3.0,3.0,9.441499,5.5473704,16.0,32.0
run_1780875805584,1,12.239469,12.239469,23.189554,2.641478,25.75026,26.431196
run_1780875805584,2,0.0,0.0,0.6316764,2.0273125,12.0,24.0
run_1780875805584,3,0.0,0.0,2.8998816,5.933906,20.444174,21.999441
run_1780875805584,4,0.0,0.0,0.3061872,1.3321216,3.0,24.0
run_1780875805584,5,0.0,0.0,3.546364,7.803069,24.703436,24.703436
run_1780875805584,6,0.0,0.0,2.6119118,2.9098568,6.0,8.0
run_1780875805584,7,0.0,0.0,2.9866543,3.7324471,17.0646,23.402664
run_1780875805584,8,0.0,0.0,0.26474088,0.67618513,4.0,6.0
run_1780875805584,9,0.0,0.0,2.604589,5.548735,19.244307,22.298603
run_1780875805584,10,0.0,0.0,0.2420677,0.8356244,3.0,9.0
run_1780875805584,11,0.0,0.0,3.0853412,7.3138685,24.753489,32.93021
run_1780875805584,12,0.0,0.0,0.2930328,0.6549168,3.0,4.0
run_1780875805584,13,0.0,0.0,2.619974,5.6341457,19.244307,31.566753
run_1780875805584,14,0.0,0.0,0.28364623,0.6139669,3.0,3.0
run_1780875805584,15,0.0,0.0,2.6020467,5.602146,19.244307,31.566753
run_1780875805584,16,0.0,0.0,0.20703332,0.4051951,1.0,1.0
run_1780875805584,17,0.0,0.0,2.547413,5.4725804,19.244307,31.566753
run_1780875805584,18,0.0,0.0,0.59029615,0.49179322,1.0,1.0
run_1780875805584,19,0.0,0.0,3.8276343,3.359414,9.775654,10.094108
run_1780875805584,20,0.0,0.0,0.03364622,0.20599173,1.0,2.0
run_1780875805584,21,0.0,0.0,0.26668358,1.642032,9.750686,19.329586
run_1780875805584,22,0.0,0.0,0.0,0.0,0.0,0.0
run_1780875805584,23,0.0,0.0,0.0,0.0,0.0,0.0
run_1780875805584,24,0.0,0.0,8.202076,5.8014855,15.0,15.0
run_1780875805584,25,0.0,0.0,3.8182192,1.9723265,5.1059456,5.1059456
run_1780875805584,26,0.0,0.0,0.0089899525,0.09438341,0.0,1.0
run_1780875805584,27,0.0,0.0,0.072729245,0.8419124,0.0,31.566753
run_1780875805584,28,0.0,0.0,0.0036356426,0.06018453,0.0,1.0
run_1780875805584,29,0.0,0.0,0.04831216,0.8112042,0.0,16.477709
run_1780875805584,30,0.0,0.0,21.354698,7.061868,25.748528,26.215307
run_1780875805584,31,0.0,0.0,0.4386428,3.2359726,24.261671,25.113247
run_1780875805584,32,0.0,0.0,0.48289794,3.2805974,22.96355,22.96355
run_1780875805584,33,0.0,0.0,1.0268208,4.8311706,23.726967,24.671429
run_1780875805584,34,0.0,0.0,0.35433233,2.802873,22.474203,23.26266
run_1780875805584,35,0.0,0.0,0.031314738,0.8399014,0.0,22.56949
run_1780875805584,36,0.0,0.0,0.053474378,1.079902,0.0,21.951185
run_1780875805584,37,0.0,0.0,0.106659904,1.4225321,0.0,20.631151
run_1780875805584,38,0.0,0.0,0.23037875,2.072574,17.078684,20.443552
run_1780875805584,39,0.0,0.0,0.025183078,0.66038686,0.0,17.641743
run_1780875805584,40,0.0,0.0,2.199684,5.1974554,16.860033,17.686712
run_1780875805584,41,0.0,0.0,0.035653014,0.6042563,0.0,10.961278
run_1780875805584,42,0.0,0.0,1.0041851,2.437179,8.8457775,10.793516
run_1780875805584,43,0.0,0.0,0.01693899,0.47766224,0.0,13.487006
run_1780875805584,44,0.0,0.0,0.056767505,0.7430066,0.0,10.961278
run_1780875805584,45,0.0,0.0,0.011175828,0.3237983,0.0,9.392662
run_1780875805584,46,0.0,0.0,0.012290789,0.34658587,0.0,9.786055
run_1780875805584,47,0.0,0.0,0.265816,1.5629591,9.689737,10.087807
run_1780875805584,48,0.0,0.0,0.30123672,0.46025038,2.0794427,7.2189097
run_1780875805584,49,0.0,0.0,0.01636638,0.33542603,0.0,7.167038
run_1780875805584,50,0.14835215,0.17220636,22.850882,18.330648,52.878777,52.878777
run_1780875805584,51,3.0,3.0,9.441499,5.54737,16.0,32.0
run_1780875805584,52,12.239469,12.239469,23.18958,2.6414802,25.75026,26.431196
run_1780875805584,53,0.0,0.0,0.6316764,2.0273137,12.0,24.0
run_1780875805584,54,0.0,0.0,2.8998795,5.933904,20.444174,21.999441
run_1780875805584,55,0.0,0.0,0.3061872,1.332122,3.0,24.0
run_1780875805584,56,0.0,0.0,3.546365,7.803066,24.703436,24.703436
run_1780875805584,57,0.0,0.0,2.6119118,2.9098551,6.0,8.0
run_1780875805584,58,0.0,0.0,2.986654,3.732447,17.0646,23.402664
run_1780875805584,59,0.0,0.0,0.26474088,0.6761855,4.0,6.0
run_1780875805584,60,0.0,0.0,2.6045883,5.548733,19.244307,22.298603
run_1780875805584,61,0.0,0.0,0.2420677,0.83562434,3.0,9.0
run_1780875805584,62,0.0,0.0,3.0853412,7.3138623,24.753489,32.93021
run_1780875805584,63,0.0,0.0,0.2930328,0.65491706,3.0,4.0
run_1780875805584,64,0.0,0.0,2.619973,5.634145,19.244307,31.566753
run_1780875805584,65,0.0,0.0,0.28364623,0.6139671,3.0,3.0
run_1780875805584,66,0.0,0.0,2.6020455,5.6021447,19.244307,31.566753
run_1780875805584,67,0.0,0.0,0.20703332,0.4051952,1.0,1.0
run_1780875805584,68,0.0,0.0,2.5474117,5.472581,19.244307,31.566753
run_1780875805584,69,0.0,0.0,0.59029615,0.49179325,1.0,1.0
run_1780875805584,70,0.0,0.0,3.8276353,3.3594158,9.775654,10.094108
run_1780875805584,71,0.0,0.0,0.03364622,0.20599155,1.0,2.0
run_1780875805584,72,0.0,0.0,0.26668358,1.6420327,9.750686,19.329586
run_1780875805584,73,0.0,0.0,0.0,0.0,0.0,0.0
run_1780875805584,74,0.0,0.0,0.0,0.0,0.0,0.0
run_1780875805584,75,0.0,0.0,8.202076,5.801486,15.0,15.0
run_1780875805584,76,0.0,0.0,3.818219,1.9723264,5.1059456,5.1059456
run_1780875805584,77,0.0,0.0,0.0089899525,0.09438337,0.0,1.0
run_1780875805584,78,0.0,0.0,0.072729245,0.8419121,0.0,31.566753
run_1780875805584,79,0.0,0.0,0.0036356426,0.060184527,0.0,1.0
run_1780875805584,80,0.0,0.0,0.048312146,0.8112041,0.0,16.477709
run_1780875805584,81,0.0,0.0,21.354708,7.0618863,25.748528,26.215307
run_1780875805584,82,0.0,0.0,0.4386428,3.2359757,24.261671,25.113247
run_1780875805584,83,0.0,0.0,0.48289794,3.2805946,22.96355,22.96355
run_1780875805584,84,0.0,0.0,1.0268208,4.8311653,23.726967,24.671429
run_1780875805584,85,0.0,0.0,0.35433233,2.8028705,22.474203,23.26266
run_1780875805584,86,0.0,0.0,0.031314738,0.8399014,0.0,22.56949
run_1780875805584,87,0.0,0.0,0.053474378,1.0799023,0.0,21.951185
run_1780875805584,88,0.0,0.0,0.106659904,1.4225347,0.0,20.631151
run_1780875805584,89,0.0,0.0,0.23037872,2.072572,17.078684,20.443552
run_1780875805584,90,0.0,0.0,0.025183078,0.6603876,0.0,17.641743
run_1780875805584,91,0.0,0.0,2.199684,5.197465,16.860033,17.686712
run_1780875805584,92,0.0,0.0,0.035653014,0.60425675,0.0,10.961278
run_1780875805584,93,0.0,0.0,1.0041851,2.4371781,8.8457775,10.793516
run_1780875805584,94,0.0,0.0,0.01693899,0.47766232,0.0,13.487006
run_1780875805584,95,0.0,0.0,0.056767512,0.7430073,0.0,10.961278
run_1780875805584,96,0.0,0.0,0.011175828,0.3237983,0.0,9.392662
run_1780875805584,97,0.0,0.0,0.012290789,0.34658593,0.0,9.786055
run_1780875805584,98,0.0,0.0,0.26581606,1.562957,9.689737,10.087807
run_1780875805584,99,0.0,0.0,0.30123675,0.46025026,2.0794427,7.2189097
run_1780875805584,100,0.0,0.0,0.01636638,0.33542615,0.0,7.167038
run_1780875805584,101,0.14835215,0.17220636,22.85085,18.330652,52.878777,52.878777
run_1780875805584,102,0.0,0.0,52.009384,132.03616,560.88403,1636.998
run_1780875805584,103,0.0,0.0,0.45359597,0.49785918,1.0,1.0
run_1780875805584,104,4.0,4.0,17.6367,13.495828,32.0,32.0
run_1780875805584,105,2.0,2.0,3.5427022,1.4008839,5.0,5.0
run_1780875805584,106,0.03125,0.03125,0.13007131,0.10088725,0.25,0.25
run_1780875805584,107,1.7979863,2.5306456,218.54625,200.43036,988.9788,988.9788
run_1780875805584,108,1.7979863,2.5306456,218.54634,200.43037,988.9788,988.9788
run_1780875805584,109,0.009272009,0.02849798,8.521005,8.881681,26.439388,26.439388
