C,Ac,rep,time_s
1,0,0,0.0016113333404064178
1,0,1,0.0006299354135990143
1,0,2,0.0005619525909423828
1,0,3,0.0005575641989707947
1,0,4,0.0005056820809841156
1,0,5,0.0005082562565803528
1,0,6,0.0004906691610813141
1,0,7,0.000529952347278595
1,0,8,0.0004832446575164795
1,0,9,0.0004967302083969116
1,1,0,0.005509518086910248
1,1,1,0.0024976320564746857
1,1,2,0.00241672620177269
1,1,3,0.0024818256497383118
1,1,4,0.0024226121604442596
1,1,5,0.0023924075067043304
1,1,6,0.002373620867729187
1,1,7,0.0023663751780986786
1,1,8,0.0023978017270565033
1,1,9,0.002382129430770874
1,2,0,0.004388540983200073
1,2,1,0.002728402614593506
1,2,2,0.0026797354221343994
1,2,3,0.0027001574635505676
1,2,4,0.0027149133384227753
1,2,5,0.0026569440960884094
1,2,6,0.002722281962633133
1,2,7,0.002697627991437912
1,2,8,0.0026837997138500214
1,2,9,0.0026799067854881287
1,4,0,0.004425901919603348
1,4,1,0.003240209072828293
1,4,2,0.0032043419778347015
1,4,3,0.0032106824219226837
1,4,4,0.0032315440475940704
1,4,5,0.003201596438884735
1,4,6,0.003205772489309311
1,4,7,0.003206159919500351
1,4,8,0.003197852522134781
1,4,9,0.003206603229045868
1,8,0,0.0053106918931007385
1,8,1,0.004432249814271927
1,8,2,0.004462298005819321
1,8,3,0.0044939517974853516
1,8,4,0.004515942186117172
1,8,5,0.004486247897148132
1,8,6,0.004495661705732346
1,8,7,0.004491198807954788
1,8,8,0.004391353577375412
1,8,9,0.004479296505451202
1,16,0,0.008102115243673325
1,16,1,0.006966870278120041
1,16,2,0.006919752806425095
1,16,3,0.007070723921060562
1,16,4,0.007044222205877304
1,16,5,0.0069188810884952545
1,16,6,0.007021654397249222
1,16,7,0.006928957998752594
1,16,8,0.006929021328687668
1,16,9,0.0070418789982795715
1,32,0,0.013963144272565842
1,32,1,0.012859206646680832
1,32,2,0.012374378740787506
1,32,3,0.012452729046344757
1,32,4,0.012571249157190323
1,32,5,0.012580886483192444
1,32,6,0.01226067915558815
1,32,7,0.012225411832332611
1,32,8,0.012477230280637741
1,32,9,0.012345917522907257
2,0,0,0.000718437135219574
2,0,1,0.00066404789686203
2,0,2,0.0006422996520996094
2,0,3,0.0006519146263599396
2,0,4,0.0006369948387145996
2,0,5,0.0006460957229137421
2,0,6,0.000642240047454834
2,0,7,0.0006333217024803162
2,0,8,0.0006516575813293457
2,0,9,0.0005674213171005249
2,1,0,0.003440406173467636
2,1,1,0.0028200261294841766
2,1,2,0.0028030425310134888
2,1,3,0.0028013065457344055
2,1,4,0.0028012804687023163
2,1,5,0.0028003714978694916
2,1,6,0.002818617969751358
2,1,7,0.0028316043317317963
2,1,8,0.0028105005621910095
2,1,9,0.0028032809495925903
2,2,0,0.004051525145769119
2,2,1,0.0032623186707496643
2,2,2,0.0032308027148246765
2,2,3,0.0032201558351516724
2,2,4,0.003242865204811096
2,2,5,0.0032631978392601013
2,2,6,0.0032332316040992737
2,2,7,0.003265298902988434
2,2,8,0.0032014064490795135
2,2,9,0.0032301992177963257
2,4,0,0.005101904273033142
2,4,1,0.004132874310016632
2,4,2,0.004178464412689209
2,4,3,0.00412924587726593
2,4,4,0.0041464269161224365
2,4,5,0.004141516983509064
2,4,6,0.004103977233171463
2,4,7,0.004082091152667999
2,4,8,0.00411577895283699
2,4,9,0.004229392856359482
2,8,0,0.006824500858783722
2,8,1,0.005896721035242081
2,8,2,0.0060494765639305115
2,8,3,0.005920376628637314
2,8,4,0.0059749409556388855
2,8,5,0.005969647318124771
2,8,6,0.0058952756226062775
2,8,7,0.0059585124254226685
2,8,8,0.005961395800113678
2,8,9,0.0059447698295116425
2,16,0,0.01158854365348816
2,16,1,0.009903959929943085
2,16,2,0.009934768080711365
2,16,3,0.009929679334163666
2,16,4,0.00985470786690712
2,16,5,0.009931869804859161
2,16,6,0.009797018021345139
2,16,7,0.009943075478076935
2,16,8,0.009805053472518921
2,16,9,0.0098501518368721
2,32,0,0.020626898854970932
2,32,1,0.01961255446076393
2,32,2,0.018311455845832825
2,32,3,0.018109284341335297
2,32,4,0.016900915652513504
2,32,5,0.015490684658288956
2,32,6,0.01598542556166649
2,32,7,0.01538173109292984
2,32,8,0.01549261063337326
2,32,9,0.0152532197535038
4,0,0,0.0008451975882053375
4,0,1,0.0008077807724475861
4,0,2,0.0008006282150745392
4,0,3,0.0007881298661231995
4,0,4,0.0007903724908828735
4,0,5,0.0007769055664539337
4,0,6,0.0007893182337284088
4,0,7,0.0006164722144603729
4,0,8,0.0005671083927154541
4,0,9,0.0005720853805541992
4,1,0,0.003947291523218155
4,1,1,0.0035085491836071014
4,1,2,0.0035011880099773407
4,1,3,0.0034855827689170837
4,1,4,0.003493286669254303
4,1,5,0.003484301269054413
4,1,6,0.0035125091671943665
4,1,7,0.003498561680316925
4,1,8,0.003512747585773468
4,1,9,0.003481641411781311
4,2,0,0.005136452615261078
4,2,1,0.0042517222464084625
4,2,2,0.004265446215867996
4,2,3,0.004270344972610474
4,2,4,0.004276949912309647
4,2,5,0.0042410604655742645
4,2,6,0.0042819976806640625
4,2,7,0.004276968538761139
4,2,8,0.004320252686738968
4,2,9,0.004296775907278061
4,4,0,0.006577391177415848
4,4,1,0.005616139620542526
4,4,2,0.005635842680931091
4,4,3,0.00564228743314743
4,4,4,0.005675729364156723
4,4,5,0.00565691664814949
4,4,6,0.005628228187561035
4,4,7,0.005621325224637985
4,4,8,0.005592435598373413
4,4,9,0.005719691514968872
4,8,0,0.00965789332985878
4,8,1,0.008800357580184937
4,8,2,0.008604351431131363
4,8,3,0.008571196347475052
4,8,4,0.008586198091506958
4,8,5,0.008589733392000198
4,8,6,0.008637513965368271
4,8,7,0.008831962943077087
4,8,8,0.008812140673398972
4,8,9,0.008607286959886551
4,16,0,0.016338590532541275
4,16,1,0.015182428061962128
4,16,2,0.015149571001529694
4,16,3,0.014962304383516312
4,16,4,0.01504068449139595
4,16,5,0.015014253556728363
4,16,6,0.014928214251995087
4,16,7,0.014892589300870895
4,16,8,0.014915496110916138
4,16,9,0.014818310737609863
4,32,0,0.036882732063531876
4,32,1,0.04344889894127846
4,32,2,0.037130679935216904
4,32,3,0.02982136234641075
4,32,4,0.02386482059955597
4,32,5,0.0233038030564785
4,32,6,0.02298714593052864
4,32,7,0.022063449025154114
4,32,8,0.02313290163874626
4,32,9,0.02212553471326828
8,0,0,0.0009661801159381866
8,0,1,0.0009266026318073273
8,0,2,0.000895276665687561
8,0,3,0.000882275402545929
8,0,4,0.0008581317961215973
8,0,5,0.000838104635477066
8,0,6,0.000837225466966629
8,0,7,0.0008432157337665558
8,0,8,0.0008386000990867615
8,0,9,0.0008581876754760742
8,1,0,0.0051619671285152435
8,1,1,0.0031641609966754913
8,1,2,0.0031523890793323517
8,1,3,0.003025047481060028
8,1,4,0.003146994858980179
8,1,5,0.002904016524553299
8,1,6,0.0030168481171131134
8,1,7,0.0031580850481987
8,1,8,0.002947058528661728
8,1,9,0.0030524544417858124
8,2,0,0.004739586263895035
8,2,1,0.0036831237375736237
8,2,2,0.003946967422962189
8,2,3,0.0038662366569042206
8,2,4,0.003954201936721802
8,2,5,0.0038394667208194733
8,2,6,0.003721274435520172
8,2,7,0.0037628374993801117
8,2,8,0.0038151815533638
8,2,9,0.0037770159542560577
8,4,0,0.006696723401546478
8,4,1,0.005531255155801773
8,4,2,0.0055928900837898254
8,4,3,0.005585100501775742
8,4,4,0.0055883415043354034
8,4,5,0.00552048534154892
8,4,6,0.005388885736465454
8,4,7,0.005426112562417984
8,4,8,0.005291596055030823
8,4,9,0.005479235202074051
8,8,0,0.00962074100971222
8,8,1,0.00883951410651207
8,8,2,0.0086841881275177
8,8,3,0.008781872689723969
8,8,4,0.008990995585918427
8,8,5,0.008808314800262451
8,8,6,0.008785083889961243
8,8,7,0.008838959038257599
8,8,8,0.008892107754945755
8,8,9,0.008779637515544891
8,16,0,0.020522605627775192
8,16,1,0.02051456645131111
8,16,2,0.021836191415786743
8,16,3,0.020216919481754303
8,16,4,0.01961204782128334
8,16,5,0.019907094538211823
8,16,6,0.020243600010871887
8,16,7,0.020935852080583572
8,16,8,0.021022267639636993
8,16,9,0.020665355026721954
8,32,0,0.05273638665676117
8,32,1,0.0395330972969532
8,32,2,0.03694424405694008
8,32,3,0.03852837160229683
8,32,4,0.045950714498758316
8,32,5,0.05093630030751228
8,32,6,0.039915937930345535
8,32,7,0.037941206246614456
8,32,8,0.03628511726856232
8,32,9,0.04061758145689964
16,0,0,0.0019617080688476562
16,0,1,0.0015259385108947754
16,0,2,0.0014122463762760162
16,0,3,0.0015743188560009003
16,0,4,0.0030518248677253723
16,0,5,0.002350538969039917
16,0,6,0.002386759966611862
16,0,7,0.002295110374689102
16,0,8,0.002301465719938278
16,0,9,0.002304650843143463
16,1,0,0.014776773750782013
16,1,1,0.008705824613571167
16,1,2,0.008592166006565094
16,1,3,0.008576791733503342
16,1,4,0.008571632206439972
16,1,5,0.00850774347782135
16,1,6,0.008501224219799042
16,1,7,0.008481811732053757
16,1,8,0.008448824286460876
16,1,9,0.008463717997074127
16,2,0,0.012492503970861435
16,2,1,0.011382974684238434
16,2,2,0.011364441365003586
16,2,3,0.011354092508554459
16,2,4,0.011410854756832123
16,2,5,0.011349469423294067
16,2,6,0.011298507452011108
16,2,7,0.011373568326234818
16,2,8,0.01135660707950592
16,2,9,0.011333033442497253
16,4,0,0.017558041960000992
16,4,1,0.016163930296897888
16,4,2,0.014567617326974869
16,4,3,0.01381726935505867
16,4,4,0.01380407065153122
16,4,5,0.013952165842056274
16,4,6,0.013894349336624146
16,4,7,0.013717010617256165
16,4,8,0.013721588999032974
16,4,9,0.013729259371757507
16,8,0,0.02827826887369156
16,8,1,0.03338589146733284
16,8,2,0.02430163323879242
16,8,3,0.023708544671535492
16,8,4,0.023440055549144745
16,8,5,0.02368811145424843
16,8,6,0.024013783782720566
16,8,7,0.02382301166653633
16,8,8,0.023746896535158157
16,8,9,0.02369244024157524
16,16,0,0.041237134486436844
16,16,1,0.046691760420799255
16,16,2,0.039323482662439346
16,16,3,0.03867337480187416
16,16,4,0.038560617715120316
16,16,5,0.038529057055711746
16,16,6,0.03846083581447601
16,16,7,0.039201393723487854
16,16,8,0.03888435289263725
16,16,9,0.03933432325720787
16,32,0,0.09913455322384834
16,32,1,0.10845929384231567
16,32,2,0.1069524772465229
16,32,3,0.10866537317633629
16,32,4,0.11116494610905647
16,32,5,0.10848741233348846
16,32,6,0.10807998850941658
16,32,7,0.11278651282191277
16,32,8,0.10630786046385765
16,32,9,0.1099272295832634
